timestamp,market_id,reason
2026-10-01T10:27:51.490865+00:00,665374,market_cooldown
2026-10-01T13:57:46.169207+00:00,665374,market_cooldown
2026-10-01T14:28:59.839686+00:00,665374,market_cooldown
2026-10-01T16:03:18.422542+00:00,665374,duplicate_market_position
2026-10-01T16:13:49.721390+00:00,665374,duplicate_market_position
2026-10-01T16:34:37.077165+00:00,665374,duplicate_market_position
2026-10-01T16:45:06.246962+00:00,665374,duplicate_market_position
2026-10-01T17:59:06.376563+00:00,665374,duplicate_market_position
2026-10-01T18:40:42.918480+00:00,665374,duplicate_market_position
2026-10-01T19:01:32.304107+00:00,665374,duplicate_market_position
2026-10-01T19:43:25.833703+00:00,665374,duplicate_market_position
2026-10-01T21:06:55.873214+00:00,665374,duplicate_market_position
2026-10-01T21:17:29.666870+00:00,665374,duplicate_market_position
2026-10-01T21:38:13.991444+00:00,665374,market_cooldown
2026-10-01T21:48:38.248587+00:00,677026,edge_below_8pct
2026-10-01T22:19:51.942562+00:00,665374,market_cooldown
2026-10-02T00:24:50.815406+00:00,665374,duplicate_market_position
2026-10-02T00:56:46.853776+00:00,665374,duplicate_market_position
2026-10-02T01:39:06.898058+00:00,665374,duplicate_market_position
2026-10-02T01:59:54.230074+00:00,678445,duplicate_market_position
2026-10-02T02:10:26.325747+00:00,665374,duplicate_market_position
2026-10-02T02:10:26.325747+00:00,677026,duplicate_market_position
2026-10-02T02:10:26.325747+00:00,678445,market_cooldown
2026-10-02T02:20:59.396301+00:00,665374,market_cooldown
2026-10-02T02:20:59.396301+00:00,677026,market_cooldown
2026-10-02T03:54:48.818600+00:00,665374,duplicate_market_position
2026-10-02T04:26:31.448434+00:00,665374,duplicate_market_position
2026-10-02T04:36:55.110944+00:00,665374,duplicate_market_position
2026-10-02T04:57:40.453122+00:00,665374,duplicate_market_position
2026-10-02T05:39:13.969999+00:00,665374,duplicate_market_position
2026-10-02T06:00:13.370306+00:00,665374,duplicate_market_position
2026-10-02T06:31:39.080400+00:00,665374,duplicate_market_position
2026-10-02T06:42:12.805011+00:00,665374,duplicate_market_position
2026-10-02T06:52:39.080783+00:00,665374,market_cooldown
2026-10-02T10:42:45.442515+00:00,678445,duplicate_market_position
2026-10-02T10:53:13.255020+00:00,665374,duplicate_market_position
2026-10-02T10:53:13.255020+00:00,678445,duplicate_market_position
2026-10-02T11:03:44.227048+00:00,678445,duplicate_market_position
2026-10-02T11:14:09.216536+00:00,616902,market_cooldown
2026-10-02T11:14:09.216536+00:00,665374,duplicate_market_position
2026-10-02T11:14:09.216536+00:00,678445,market_cooldown
2026-10-02T11:34:59.095541+00:00,665374,duplicate_market_position
2026-10-02T11:34:59.095541+00:00,678445,market_cooldown
2026-10-02T11:45:22.686227+00:00,665374,duplicate_market_position
2026-10-02T11:56:25.057045+00:00,665374,duplicate_market_position
2026-10-02T12:17:17.094286+00:00,665374,market_cooldown
